<?xml version="1.0" encoding="UTF-8"?>
<project-private xmlns="http://www.netbeans.org/ns/project-private/1">
    <editor-bookmarks xmlns="http://www.netbeans.org/ns/editor-bookmarks/2" lastBookmarkId="0"/>
    <open-files xmlns="http://www.netbeans.org/ns/projectui-open-files/2">
        <group>
            <file>file:/C:/Users/julio.lreipert/Documents/NetBeansProjects/ADS2PI/src/PI/telas/Menu.java</file>
            <file>file:/C:/Users/julio.lreipert/Documents/NetBeansProjects/ADS2PI/src/PI/telas/AlterarUsuarios.java</file>
            <file>file:/C:/Users/julio.lreipert/Documents/NetBeansProjects/ADS2PI/src/PI/telas/CadastrarUsuarios.java</file>
            <file>file:/C:/Users/julio.lreipert/Documents/NetBeansProjects/ADS2PI/src/PI/telas/Login.java</file>
            <file>file:/C:/Users/julio.lreipert/Documents/NetBeansProjects/ADS2PI/src/PI/telas/ListarUsuarios.java</file>
            <file>file:/C:/Users/julio.lreipert/Documents/NetBeansProjects/ADS2PI/src/PI/telas/CadastroDepartamento.java</file>
            <file>file:/C:/Users/julio.lreipert/Documents/NetBeansProjects/ADS2PI/src/PI/dao/EmpresaDao.java</file>
        </group>
    </open-files>
</project-private>
